id;name;email;password;phone_number
1;d'avec;Gabriel81@hotmail.fr;avant que;dans la mesure où ici
2;sympathique sombrer naguère;Abel88@hotmail.fr;délectable;encore délégation ouf
3;pourvu que de crainte que;Philomene96@hotmail.fr;voter;paf de façon à ce que de sorte que
4;dans la mesure où;Zoeva.Collet@yahoo.fr;pourvu que;valoir exprès prestataire de services
5;moins;Ambre_Charpentier42@gmail.com;tic-tac;illustrer fendre chef de cuisine
6;psitt;Arthurine.Baron@yahoo.fr;novice de crainte que;glouglou périr
7;exprimer;Ariane36@hotmail.fr;d'avec;considérable oups population du Québec
8;touriste;Ange.Schmitt25@gmail.com;innombrable administration brave;souple foule frapper
9;aïe badaboum présidence;Brigitte24@gmail.com;électorat sans que;hebdomadaire tant
10;à l'encontre de;Quieta.Lefevre10@gmail.com;commis de cuisine même si totalement;sédentaire mature
